ticker,exercice,libelle_ca,chiffre_affaires_mfcfa,resultat_net_mfcfa,dividende,nombre_titres,flottant_pct,source,date_collecte
ABJC,2021,Chiffre d'affaires,8377,953.0,57.73,10912000,19.99,sikafinance.com/marches/societe (fiche société),2026-10-04
ABJC,2022,Chiffre d'affaires,10804,1268.0,82.8,10912000,19.99,sikafinance.com/marches/societe (fiche société),2026-10-04
ABJC,2023,Chiffre d'affaires,11254,1335.0,206.0,10912000,19.99,sikafinance.com/marches/societe (fiche société),2026-10-04
ABJC,2024,Chiffre d'affaires,12467,1519.0,,10912000,19.99,sikafinance.com/marches/societe (fiche société),2026-10-04
ABJC,2025,Chiffre d'affaires,13298,1351.0,201.52,10912000,19.99,sikafinance.com/marches/societe (fiche société),2026-10-04
BBGC,2021,Chiffre d'affaires,35630,15110.0,,50000000,20.0,sikafinance.com/marches/societe (fiche société),2026-10-04
BBGC,2022,Chiffre d'affaires,42384,17479.0,156.6,50000000,20.0,sikafinance.com/marches/societe (fiche société),2026-10-04
BBGC,2023,Chiffre d'affaires,49372,19771.0,169.2,50000000,20.0,sikafinance.com/marches/societe (fiche société),2026-10-04
BBGC,2024,Chiffre d'affaires,59116,22793.0,219.6,50000000,20.0,sikafinance.com/marches/societe (fiche société),2026-10-04
BBGC,2025,Chiffre d'affaires,67824,27197.0,311.52,50000000,20.0,sikafinance.com/marches/societe (fiche société),2026-10-04
BICB,2021,Chiffre d'affaires,14898,5776.0,,57759800,33.0,sikafinance.com/marches/societe (fiche société),2026-10-04
BICB,2022,Chiffre d'affaires,24209,10705.0,,57759800,33.0,sikafinance.com/marches/societe (fiche société),2026-10-04
BICB,2023,Chiffre d'affaires,39196,27270.0,,57759800,33.0,sikafinance.com/marches/societe (fiche société),2026-10-04
BICB,2024,Chiffre d'affaires,45207,30341.0,254.5,57759800,33.0,sikafinance.com/marches/societe (fiche société),2026-10-04
BICB,2025,Chiffre d'affaires,51739,24182.0,254.6,57759800,33.0,sikafinance.com/marches/societe (fiche société),2026-10-04
BICC,2021,Chiffre d'affaires,44167,9603.0,518.4,16666670,32.51,sikafinance.com/marches/societe (fiche société),2026-10-04
BICC,2022,Chiffre d'affaires,47275,12391.0,401.8,16666670,32.51,sikafinance.com/marches/societe (fiche société),2026-10-04
BICC,2023,Chiffre d'affaires,55508,16696.0,540.9,16666670,32.51,sikafinance.com/marches/societe (fiche société),2026-10-04
BICC,2024,Chiffre d'affaires,68063,26226.0,830.72,16666670,32.51,sikafinance.com/marches/societe (fiche société),2026-10-04
BICC,2025,Chiffre d'affaires,79563,36520.0,1157.2,16666670,32.51,sikafinance.com/marches/societe (fiche société),2026-10-04
BNBC,2021,Chiffre d'affaires,44428,1598.0,,6624000,32.51,sikafinance.com/marches/societe (fiche société),2026-10-04
BNBC,2022,Chiffre d'affaires,51384,1809.0,150.0,6624000,32.51,sikafinance.com/marches/societe (fiche société),2026-10-04
BNBC,2023,Chiffre d'affaires,45955,36.0,,6624000,32.51,sikafinance.com/marches/societe (fiche société),2026-10-04
BNBC,2024,Chiffre d'affaires,45312,7.0,,6624000,32.51,sikafinance.com/marches/societe (fiche société),2026-10-04
BNBC,2025,Chiffre d'affaires,42454,22.0,,6624000,32.51,sikafinance.com/marches/societe (fiche société),2026-10-04
BOAB,2021,Chiffre d'affaires,45259,16664.0,218.0,40561048,44.69,sikafinance.com/marches/societe (fiche société),2026-10-04
BOAB,2022,Chiffre d'affaires,46413,19143.0,273.0,40561048,44.69,sikafinance.com/marches/societe (fiche société),2026-10-04
BOAB,2023,Chiffre d'affaires,47832,21529.0,353.0,40561048,44.69,sikafinance.com/marches/societe (fiche société),2026-10-04
BOAB,2024,Chiffre d'affaires,46527,19647.0,468.0,40561048,44.69,sikafinance.com/marches/societe (fiche société),2026-10-04
BOAB,2025,Chiffre d'affaires,51274,20107.0,585.0,40561048,44.69,sikafinance.com/marches/societe (fiche société),2026-10-04
BOABF,2021,Chiffre d'affaires,50828,21245.0,185.0,44000000,29.1,sikafinance.com/marches/societe (fiche société),2026-10-04
BOABF,2022,Chiffre d'affaires,56646,25477.0,224.0,44000000,29.1,sikafinance.com/marches/societe (fiche société),2026-10-04
BOABF,2023,Chiffre d'affaires,60576,29063.0,352.0,44000000,29.1,sikafinance.com/marches/societe (fiche société),2026-10-04
BOABF,2024,Chiffre d'affaires,57490,22419.0,428.0,44000000,29.1,sikafinance.com/marches/societe (fiche société),2026-10-04
BOABF,2025,Chiffre d'affaires,57820,19252.0,397.0,44000000,29.1,sikafinance.com/marches/societe (fiche société),2026-10-04
BOAC,2021,Chiffre d'affaires,41845,16638.0,187.0,40000000,27.48,sikafinance.com/marches/societe (fiche société),2026-10-04
BOAC,2022,Chiffre d'affaires,47810,20069.0,270.0,40000000,27.48,sikafinance.com/marches/societe (fiche société),2026-10-04
BOAC,2023,Chiffre d'affaires,60811,26075.0,342.0,40000000,27.48,sikafinance.com/marches/societe (fiche société),2026-10-04
BOAC,2024,Chiffre d'affaires,72724,32044.0,459.0,40000000,27.48,sikafinance.com/marches/societe (fiche société),2026-10-04
BOAC,2025,Chiffre d'affaires,73545,35540.0,594.5,40000000,27.48,sikafinance.com/marches/societe (fiche société),2026-10-04
BOAM,2021,Chiffre d'affaires,35408,2095.0,,27450000,21.44,sikafinance.com/marches/societe (fiche société),2026-10-04
BOAM,2022,Chiffre d'affaires,35307,2461.0,,27450000,21.44,sikafinance.com/marches/societe (fiche société),2026-10-04
BOAM,2023,Chiffre d'affaires,35519,5778.0,96.0,27450000,21.44,sikafinance.com/marches/societe (fiche société),2026-10-04
BOAM,2024,Chiffre d'affaires,36157,9123.0,237.15,27450000,21.44,sikafinance.com/marches/societe (fiche société),2026-10-04
BOAM,2025,Chiffre d'affaires,37997,11081.0,305.04,27450000,21.44,sikafinance.com/marches/societe (fiche société),2026-10-04
BOAN,2021,Chiffre d'affaires,24995,9397.0,343.13,20800000,40.52,sikafinance.com/marches/societe (fiche société),2026-10-04
BOAN,2022,Chiffre d'affaires,24624,10134.0,354.56,20800000,40.52,sikafinance.com/marches/societe (fiche société),2026-10-04
BOAN,2023,Chiffre d'affaires,26976,10077.0,380.72,20800000,40.52,sikafinance.com/marches/societe (fiche société),2026-10-04
BOAN,2024,Chiffre d'affaires,21380,5002.0,209.25,20800000,40.52,sikafinance.com/marches/societe (fiche société),2026-10-04
BOAN,2025,Chiffre d'affaires,21125,409.0,,20800000,40.52,sikafinance.com/marches/societe (fiche société),2026-10-04
BOAS,2021,Chiffre d'affaires,35727,11070.0,107.34,36000000,29.99,sikafinance.com/marches/societe (fiche société),2026-10-04
BOAS,2022,Chiffre d'affaires,40503,15581.0,125.0,36000000,29.99,sikafinance.com/marches/societe (fiche société),2026-10-04
BOAS,2023,Chiffre d'affaires,45426,17022.0,200.0,36000000,29.99,sikafinance.com/marches/societe (fiche société),2026-10-04
BOAS,2024,Chiffre d'affaires,49666,19984.0,350.0,36000000,29.99,sikafinance.com/marches/societe (fiche société),2026-10-04
BOAS,2025,Chiffre d'affaires,51926,21905.0,450.0,36000000,29.99,sikafinance.com/marches/societe (fiche société),2026-10-04
CABC,2021,Chiffre d'affaires,19037,40.0,69.0,5920000,48.7,sikafinance.com/marches/societe (fiche société),2026-10-04
CABC,2022,Chiffre d'affaires,16481,1075.0,69.0,5920000,48.7,sikafinance.com/marches/societe (fiche société),2026-10-04
CABC,2023,Chiffre d'affaires,17753,1430.0,79.58,5920000,48.7,sikafinance.com/marches/societe (fiche société),2026-10-04
CABC,2024,Chiffre d'affaires,19125,1225.0,112.73,5920000,48.7,sikafinance.com/marches/societe (fiche société),2026-10-04
CABC,2025,Chiffre d'affaires,21263,1704.0,152.02,5920000,48.7,sikafinance.com/marches/societe (fiche société),2026-10-04
CBIBF,2021,Chiffre d'affaires,90298,46549.0,448.0,32000000,20.0,sikafinance.com/marches/societe (fiche société),2026-10-04
CBIBF,2022,Chiffre d'affaires,111106,56478.0,525.0,32000000,20.0,sikafinance.com/marches/societe (fiche société),2026-10-04
CBIBF,2023,Chiffre d'affaires,129203,64247.0,790.0,32000000,20.0,sikafinance.com/marches/societe (fiche société),2026-10-04
CBIBF,2024,Chiffre d'affaires,130987,47937.0,555.0,32000000,20.0,sikafinance.com/marches/societe (fiche société),2026-10-04
CBIBF,2025,Chiffre d'affaires,138986,65495.0,900.0,32000000,20.0,sikafinance.com/marches/societe (fiche société),2026-10-04
CFAC,2021,Chiffre d'affaires,119731,6711.0,69.47,181371900,4.12,sikafinance.com/marches/societe (fiche société),2026-10-04
CFAC,2022,Chiffre d'affaires,146375,5534.0,28.67,181371900,4.12,sikafinance.com/marches/societe (fiche société),2026-10-04
CFAC,2023,Chiffre d'affaires,180162,6399.0,15.88,181371900,4.12,sikafinance.com/marches/societe (fiche société),2026-10-04
CFAC,2024,Chiffre d'affaires,158313,4693.0,7.04,181371900,4.12,sikafinance.com/marches/societe (fiche société),2026-10-04
CFAC,2025,Chiffre d'affaires,180545,8416.0,55.44,181371900,4.12,sikafinance.com/marches/societe (fiche société),2026-10-04
CIEC,2021,Chiffre d'affaires,231783,9757.0,153.16,56000000,30.95,sikafinance.com/marches/societe (fiche société),2026-10-04
CIEC,2022,Chiffre d'affaires,238854,9819.0,157.5,56000000,30.95,sikafinance.com/marches/societe (fiche société),2026-10-04
CIEC,2023,Chiffre d'affaires,257218,10633.0,171.0,56000000,30.95,sikafinance.com/marches/societe (fiche société),2026-10-04
CIEC,2024,Chiffre d'affaires,263294,10101.0,158.4,56000000,30.95,sikafinance.com/marches/societe (fiche société),2026-10-04
CIEC,2025,Chiffre d'affaires,302320,13127.0,205.92,56000000,30.95,sikafinance.com/marches/societe (fiche société),2026-10-04
ECOC,2021,Chiffre d'affaires,90545,34304.0,420.3,55050600,20.44,sikafinance.com/marches/societe (fiche société),2026-10-04
ECOC,2022,Chiffre d'affaires,99155,44598.0,549.0,55050600,20.44,sikafinance.com/marches/societe (fiche société),2026-10-04
ECOC,2023,Chiffre d'affaires,110189,48071.0,594.0,55050600,20.44,sikafinance.com/marches/societe (fiche société),2026-10-04
ECOC,2024,Chiffre d'affaires,122316,57477.0,708.0,55050600,20.44,sikafinance.com/marches/societe (fiche société),2026-10-04
ECOC,2025,Chiffre d'affaires,132725,63482.0,781.0,55050600,20.44,sikafinance.com/marches/societe (fiche société),2026-10-04
ETIT,2021,Chiffre d'affaires,974058,198151.0,0.9,18084106722,33.48,sikafinance.com/marches/societe (fiche société),2026-10-04
ETIT,2022,Chiffre d'affaires,1161428,228750.0,0.6,18084106722,33.48,sikafinance.com/marches/societe (fiche société),2026-10-04
ETIT,2023,Chiffre d'affaires,1251677,246811.0,,18084106722,33.48,sikafinance.com/marches/societe (fiche société),2026-10-04
ETIT,2024,Chiffre d'affaires,1268402,299706.0,,18084106722,33.48,sikafinance.com/marches/societe (fiche société),2026-10-04
ETIT,2025,Chiffre d'affaires,1424261,345523.0,0.92,18084106722,33.48,sikafinance.com/marches/societe (fiche société),2026-10-04
FTSC,2021,Chiffre d'affaires,41474,-1276.0,,14103740,33.48,sikafinance.com/marches/societe (fiche société),2026-10-04
FTSC,2022,Chiffre d'affaires,45464,154.0,,14103740,33.48,sikafinance.com/marches/societe (fiche société),2026-10-04
FTSC,2023,Chiffre d'affaires,38215,3076.0,130.0,14103740,33.48,sikafinance.com/marches/societe (fiche société),2026-10-04
FTSC,2024,Chiffre d'affaires,30695,18595.0,1726.55,14103740,33.48,sikafinance.com/marches/societe (fiche société),2026-10-04
FTSC,2025,Chiffre d'affaires,32109,466.0,,14103740,33.48,sikafinance.com/marches/societe (fiche société),2026-10-04
LNBB,2021,Chiffre d'affaires,79934,5071.0,107.1,20000000,45.0,sikafinance.com/marches/societe (fiche société),2026-10-04
LNBB,2022,Chiffre d'affaires,74288,6746.0,107.1,20000000,45.0,sikafinance.com/marches/societe (fiche société),2026-10-04
LNBB,2023,Chiffre d'affaires,93915,3914.0,,20000000,45.0,sikafinance.com/marches/societe (fiche société),2026-10-04
LNBB,2024,Chiffre d'affaires,102544,7176.0,275.5,20000000,45.0,sikafinance.com/marches/societe (fiche société),2026-10-04
LNBB,2025,Chiffre d'affaires,98598,4622.0,164.0,20000000,45.0,sikafinance.com/marches/societe (fiche société),2026-10-04
NEIC,2021,Chiffre d'affaires,8874,980.0,,12765825,17.99,sikafinance.com/marches/societe (fiche société),2026-10-04
NEIC,2022,Chiffre d'affaires,8988,1212.0,35.25,12765825,17.99,sikafinance.com/marches/societe (fiche société),2026-10-04
NEIC,2023,Chiffre d'affaires,8525,1167.0,81.78,12765825,17.99,sikafinance.com/marches/societe (fiche société),2026-10-04
NEIC,2024,Chiffre d'affaires,6744,-759.0,,12765825,17.99,sikafinance.com/marches/societe (fiche société),2026-10-04
NEIC,2025,Chiffre d'affaires,5139,2037.0,140.39,12765825,17.99,sikafinance.com/marches/societe (fiche société),2026-10-04
NSBC,2021,Chiffre d'affaires,76622,23713.0,,24734572,20.0,sikafinance.com/marches/societe (fiche société),2026-10-04
NSBC,2022,Chiffre d'affaires,80105,32382.0,363.86,24734572,20.0,sikafinance.com/marches/societe (fiche société),2026-10-04
NSBC,2023,Chiffre d'affaires,91002,34813.0,455.0,24734572,20.0,sikafinance.com/marches/societe (fiche société),2026-10-04
NSBC,2024,Chiffre d'affaires,97819,38112.0,671.0,24734572,20.0,sikafinance.com/marches/societe (fiche société),2026-10-04
NSBC,2025,Chiffre d'affaires,112928,40712.0,675.98,24734572,20.0,sikafinance.com/marches/societe (fiche société),2026-10-04
NTLC,2021,Chiffre d'affaires,195188,21268.0,856.8,22070400,19.13,sikafinance.com/marches/societe (fiche société),2026-10-04
NTLC,2022,Chiffre d'affaires,206734,16627.0,728.0,22070400,19.13,sikafinance.com/marches/societe (fiche société),2026-10-04
NTLC,2023,Chiffre d'affaires,203618,16557.0,675.0,22070400,19.13,sikafinance.com/marches/societe (fiche société),2026-10-04
NTLC,2024,Chiffre d'affaires,220113,18150.0,722.0,22070400,19.13,sikafinance.com/marches/societe (fiche société),2026-10-04
NTLC,2025,Chiffre d'affaires,233261,18427.0,369.6,22070400,19.13,sikafinance.com/marches/societe (fiche société),2026-10-04
ONTBF,2021,Chiffre d'affaires,154881,32374.0,416.58,68000000,23.0,sikafinance.com/marches/societe (fiche société),2026-10-04
ONTBF,2022,Chiffre d'affaires,145625,22372.0,287.87,68000000,23.0,sikafinance.com/marches/societe (fiche société),2026-10-04
ONTBF,2023,Chiffre d'affaires,139154,21129.0,266.44,68000000,23.0,sikafinance.com/marches/societe (fiche société),2026-10-04
ONTBF,2024,Chiffre d'affaires,141841,21471.0,195.0,68000000,23.0,sikafinance.com/marches/societe (fiche société),2026-10-04
ONTBF,2025,Chiffre d'affaires,146177,15887.0,145.32,68000000,23.0,sikafinance.com/marches/societe (fiche société),2026-10-04
ORAC,2021,Chiffre d'affaires,965042,155837.0,717.0,150655350,9.95,sikafinance.com/marches/societe (fiche société),2026-10-04
ORAC,2022,Chiffre d'affaires,965025,153485.0,752.76,150655350,9.95,sikafinance.com/marches/societe (fiche société),2026-10-04
ORAC,2023,Chiffre d'affaires,1016532,154890.0,780.0,150655350,9.95,sikafinance.com/marches/societe (fiche société),2026-10-04
ORAC,2024,Chiffre d'affaires,1084100,158200.0,660.0,150655350,9.95,sikafinance.com/marches/societe (fiche société),2026-10-04
ORAC,2025,Chiffre d'affaires,1197100,167800.0,704.0,150655350,9.95,sikafinance.com/marches/societe (fiche société),2026-10-04
ORGT,2021,Chiffre d'affaires,187315,19798.0,,69415031,20.0,sikafinance.com/marches/societe (fiche société),2026-10-04
ORGT,2022,Chiffre d'affaires,222431,19199.0,,69415031,20.0,sikafinance.com/marches/societe (fiche société),2026-10-04
ORGT,2023,Chiffre d'affaires,215280,-18186.0,,69415031,20.0,sikafinance.com/marches/societe (fiche société),2026-10-04
ORGT,2024,Chiffre d'affaires,195436,-44363.0,,69415031,20.0,sikafinance.com/marches/societe (fiche société),2026-10-04
ORGT,2025,Chiffre d'affaires,186609,21643.0,,69415031,20.0,sikafinance.com/marches/societe (fiche société),2026-10-04
PALC,2021,Chiffre d'affaires,195659,42473.0,1236.34,15459316,33.0,sikafinance.com/marches/societe (fiche société),2026-10-04
PALC,2022,Chiffre d'affaires,232713,41693.0,1213.63,15459316,33.0,sikafinance.com/marches/societe (fiche société),2026-10-04
PALC,2023,Chiffre d'affaires,206244,19352.0,563.0,15459316,33.0,sikafinance.com/marches/societe (fiche société),2026-10-04
PALC,2024,Chiffre d'affaires,172183,15862.0,451.0,15459316,33.0,sikafinance.com/marches/societe (fiche société),2026-10-04
PALC,2025,Chiffre d'affaires,197630,15509.0,441.4,15459316,33.0,sikafinance.com/marches/societe (fiche société),2026-10-04
PRSC,2021,Chiffre d'affaires,65019,3067.0,175.86,10240000,14.06,sikafinance.com/marches/societe (fiche société),2026-10-04
PRSC,2022,Chiffre d'affaires,70092,3644.0,224.1,10240000,14.06,sikafinance.com/marches/societe (fiche société),2026-10-04
PRSC,2023,Chiffre d'affaires,77879,2084.0,183.0,10240000,14.06,sikafinance.com/marches/societe (fiche société),2026-10-04
PRSC,2024,Chiffre d'affaires,74676,2347.0,182.16,10240000,14.06,sikafinance.com/marches/societe (fiche société),2026-10-04
PRSC,2025,Chiffre d'affaires,81127,2367.0,183.92,10240000,14.06,sikafinance.com/marches/societe (fiche société),2026-10-04
SAFC,2021,Chiffre d'affaires,3567,-603.0,,11869750,29.43,sikafinance.com/marches/societe (fiche société),2026-10-04
SAFC,2022,Chiffre d'affaires,3479,-235.0,,11869750,29.43,sikafinance.com/marches/societe (fiche société),2026-10-04
SAFC,2023,Chiffre d'affaires,3693,-579.0,,11869750,29.43,sikafinance.com/marches/societe (fiche société),2026-10-04
SAFC,2024,Chiffre d'affaires,3980,-165.0,,11869750,29.43,sikafinance.com/marches/societe (fiche société),2026-10-04
SAFC,2025,Chiffre d'affaires,5735,701.0,,11869750,29.43,sikafinance.com/marches/societe (fiche société),2026-10-04
SCRC,2021,Chiffre d'affaires,62497,-6573.0,,19600000,23.0,sikafinance.com/marches/societe (fiche société),2026-10-04
SCRC,2022,Chiffre d'affaires,68635,-8756.0,,19600000,23.0,sikafinance.com/marches/societe (fiche société),2026-10-04
SCRC,2023,Chiffre d'affaires,68135,-10324.0,,19600000,23.0,sikafinance.com/marches/societe (fiche société),2026-10-04
SCRC,2024,Chiffre d'affaires,87219,2591.0,,19600000,23.0,sikafinance.com/marches/societe (fiche société),2026-10-04
SCRC,2025,Chiffre d'affaires,80569,-6132.0,,19600000,23.0,sikafinance.com/marches/societe (fiche société),2026-10-04
SDCC,2021,Chiffre d'affaires,135514,4352.0,432.0,9000000,49.53,sikafinance.com/marches/societe (fiche société),2026-10-04
SDCC,2022,Chiffre d'affaires,160671,4806.0,450.0,9000000,49.53,sikafinance.com/marches/societe (fiche société),2026-10-04
SDCC,2023,Chiffre d'affaires,175458,4904.0,482.0,9000000,49.53,sikafinance.com/marches/societe (fiche société),2026-10-04
SDCC,2024,Chiffre d'affaires,172235,3560.0,352.0,9000000,49.53,sikafinance.com/marches/societe (fiche société),2026-10-04
SDCC,2025,Chiffre d'affaires,189430,4663.0,462.0,9000000,49.53,sikafinance.com/marches/societe (fiche société),2026-10-04
SDSC,2021,Chiffre d'affaires,88721,13942.0,130.0,54435300,22.2,sikafinance.com/marches/societe (fiche société),2026-10-04
SDSC,2022,Chiffre d'affaires,86997,10044.0,82.8,54435300,22.2,sikafinance.com/marches/societe (fiche société),2026-10-04
SDSC,2023,Chiffre d'affaires,82623,17138.0,92.0,54435300,22.2,sikafinance.com/marches/societe (fiche société),2026-10-04
SDSC,2024,Chiffre d'affaires,85643,21069.0,92.0,54435300,22.2,sikafinance.com/marches/societe (fiche société),2026-10-04
SDSC,2025,Chiffre d'affaires,92004,785.0,80.96,54435300,22.2,sikafinance.com/marches/societe (fiche société),2026-10-04
SEMC,2020,Chiffre d'affaires,19630,737.0,14.4,25189600,10.42,sikafinance.com/marches/societe (fiche société),2026-10-04
SEMC,2021,Chiffre d'affaires,23057,2384.0,,25189600,10.42,sikafinance.com/marches/societe (fiche société),2026-10-04
SEMC,2022,Chiffre d'affaires,29603,3858.0,,25189600,10.42,sikafinance.com/marches/societe (fiche société),2026-10-04
SEMC,2023,Chiffre d'affaires,27875,1012.0,,25189600,10.42,sikafinance.com/marches/societe (fiche société),2026-10-04
SEMC,2024,Chiffre d'affaires,23200,45.0,,25189600,10.42,sikafinance.com/marches/societe (fiche société),2026-10-04
SGBC,2021,Chiffre d'affaires,189096,67438.0,1004.93,31111110,43.35,sikafinance.com/marches/societe (fiche société),2026-10-04
SGBC,2022,Chiffre d'affaires,215101,74612.0,1107.0,31111110,43.35,sikafinance.com/marches/societe (fiche société),2026-10-04
SGBC,2023,Chiffre d'affaires,253286,97230.0,1547.0,31111110,43.35,sikafinance.com/marches/societe (fiche société),2026-10-04
SGBC,2024,Chiffre d'affaires,263207,101228.0,1639.0,31111110,43.35,sikafinance.com/marches/societe (fiche société),2026-10-04
SGBC,2025,Chiffre d'affaires,276048,101352.0,2293.28,31111110,43.35,sikafinance.com/marches/societe (fiche société),2026-10-04
SHEC,2021,Chiffre d'affaires,366163,2140.0,28.57,63000000,28.33,sikafinance.com/marches/societe (fiche société),2026-10-04
SHEC,2022,Chiffre d'affaires,488902,3753.0,53.0,63000000,28.33,sikafinance.com/marches/societe (fiche société),2026-10-04
SHEC,2023,Chiffre d'affaires,550696,4012.0,57.0,63000000,28.33,sikafinance.com/marches/societe (fiche société),2026-10-04
SHEC,2024,Chiffre d'affaires,600708,5354.0,75.0,63000000,28.33,sikafinance.com/marches/societe (fiche société),2026-10-04
SHEC,2025,Chiffre d'affaires,604978,6028.0,85.07,63000000,28.33,sikafinance.com/marches/societe (fiche société),2026-10-04
SIBC,2021,Chiffre d'affaires,76532,34031.0,202.5,100000000,20.0,sikafinance.com/marches/societe (fiche société),2026-10-04
SIBC,2022,Chiffre d'affaires,83542,40090.0,247.5,100000000,20.0,sikafinance.com/marches/societe (fiche société),2026-10-04
SIBC,2023,Chiffre d'affaires,95571,43513.0,247.5,100000000,20.0,sikafinance.com/marches/societe (fiche société),2026-10-04
SIBC,2024,Chiffre d'affaires,102763,50234.0,330.0,100000000,20.0,sikafinance.com/marches/societe (fiche société),2026-10-04
SIBC,2025,Chiffre d'affaires,108663,55623.0,374.0,100000000,20.0,sikafinance.com/marches/societe (fiche société),2026-10-04
SICC,2020,Chiffre d'affaires,2360,110.0,,600000,12.56,sikafinance.com/marches/societe (fiche société),2026-10-04
SICC,2021,Chiffre d'affaires,1381,119.0,,600000,12.56,sikafinance.com/marches/societe (fiche société),2026-10-04
SICC,2022,Chiffre d'affaires,1138,-40.0,,600000,12.56,sikafinance.com/marches/societe (fiche société),2026-10-04
SICC,2023,Chiffre d'affaires,701,19.0,,600000,12.56,sikafinance.com/marches/societe (fiche société),2026-10-04
SICC,2024,Chiffre d'affaires,547,-129.0,,600000,12.56,sikafinance.com/marches/societe (fiche société),2026-10-04
SIVC,2021,Chiffre d'affaires,7647,727.0,,8734000,27.92,sikafinance.com/marches/societe (fiche société),2026-10-04
SIVC,2022,Chiffre d'affaires,8689,403.0,,8734000,27.92,sikafinance.com/marches/societe (fiche société),2026-10-04
SIVC,2023,Chiffre d'affaires,8512,895.0,,8734000,27.92,sikafinance.com/marches/societe (fiche société),2026-10-04
SIVC,2024,Chiffre d'affaires,9283,377.0,,8734000,27.92,sikafinance.com/marches/societe (fiche société),2026-10-04
SIVC,2025,Chiffre d'affaires,10075,179.0,,8734000,27.92,sikafinance.com/marches/societe (fiche société),2026-10-04
SLBC,2021,Chiffre d'affaires,299269,22020.0,405.0,16460840,18.6,sikafinance.com/marches/societe (fiche société),2026-10-04
SLBC,2022,Chiffre d'affaires,281880,1217.0,,16460840,18.6,sikafinance.com/marches/societe (fiche société),2026-10-04
SLBC,2023,Chiffre d'affaires,311395,15078.0,270.0,16460840,18.6,sikafinance.com/marches/societe (fiche société),2026-10-04
SLBC,2024,Chiffre d'affaires,309722,21472.0,1074.0,16460840,18.6,sikafinance.com/marches/societe (fiche société),2026-10-04
SLBC,2025,Chiffre d'affaires,378123,45781.0,1871.76,16460840,18.6,sikafinance.com/marches/societe (fiche société),2026-10-04
SMBC,2021,Chiffre d'affaires,139353,8623.0,720.0,7795200,16.5,sikafinance.com/marches/societe (fiche société),2026-10-04
SMBC,2022,Chiffre d'affaires,276854,9421.0,720.0,7795200,16.5,sikafinance.com/marches/societe (fiche société),2026-10-04
SMBC,2023,Chiffre d'affaires,247646,17255.0,1080.0,7795200,16.5,sikafinance.com/marches/societe (fiche société),2026-10-04
SMBC,2024,Chiffre d'affaires,229061,8698.0,616.0,7795200,16.5,sikafinance.com/marches/societe (fiche société),2026-10-04
SMBC,2025,Chiffre d'affaires,206740,13075.0,704.0,7795200,16.5,sikafinance.com/marches/societe (fiche société),2026-10-04
SNTS,2021,Chiffre d'affaires,1334874,252459.0,1400.0,100000000,22.47,sikafinance.com/marches/societe (fiche société),2026-10-04
SNTS,2022,Chiffre d'affaires,1455049,278912.0,1500.0,100000000,22.47,sikafinance.com/marches/societe (fiche société),2026-10-04
SNTS,2023,Chiffre d'affaires,1620701,331748.0,1575.0,100000000,22.47,sikafinance.com/marches/societe (fiche société),2026-10-04
SNTS,2024,Chiffre d'affaires,1776443,393662.0,1655.0,100000000,22.47,sikafinance.com/marches/societe (fiche société),2026-10-04
SNTS,2025,Chiffre d'affaires,1923122,413588.0,1740.0,100000000,22.47,sikafinance.com/marches/societe (fiche société),2026-10-04
SOGC,2021,Chiffre d'affaires,83074,14728.0,558.0,21601840,26.84,sikafinance.com/marches/societe (fiche société),2026-10-04
SOGC,2022,Chiffre d'affaires,93418,15653.0,554.33,21601840,26.84,sikafinance.com/marches/societe (fiche société),2026-10-04
SOGC,2023,Chiffre d'affaires,73036,5270.0,207.0,21601840,26.84,sikafinance.com/marches/societe (fiche société),2026-10-04
SOGC,2024,Chiffre d'affaires,89415,13111.0,528.0,21601840,26.84,sikafinance.com/marches/societe (fiche société),2026-10-04
SOGC,2025,Chiffre d'affaires,98618,12493.0,501.6,21601840,26.84,sikafinance.com/marches/societe (fiche société),2026-10-04
SPHC,2021,Chiffre d'affaires,208794,20750.0,365.4,25558005,23.54,sikafinance.com/marches/societe (fiche société),2026-10-04
SPHC,2022,Chiffre d'affaires,224421,16700.0,294.3,25558005,23.54,sikafinance.com/marches/societe (fiche société),2026-10-04
SPHC,2023,Chiffre d'affaires,206469,3635.0,65.0,25558005,23.54,sikafinance.com/marches/societe (fiche société),2026-10-04
SPHC,2024,Chiffre d'affaires,279438,18790.0,324.0,25558005,23.54,sikafinance.com/marches/societe (fiche société),2026-10-04
SPHC,2025,Chiffre d'affaires,340831,24972.0,430.32,25558005,23.54,sikafinance.com/marches/societe (fiche société),2026-10-04
STAC,2021,Chiffre d'affaires,10274,1119.0,66.15,13440000,20.83,sikafinance.com/marches/societe (fiche société),2026-10-04
STAC,2022,Chiffre d'affaires,14654,-70.0,,13440000,20.83,sikafinance.com/marches/societe (fiche société),2026-10-04
STAC,2023,Chiffre d'affaires,9264,-1118.0,,13440000,20.83,sikafinance.com/marches/societe (fiche société),2026-10-04
STAC,2024,Chiffre d'affaires,1793,-348.0,,13440000,20.83,sikafinance.com/marches/societe (fiche société),2026-10-04
STAC,2025,Chiffre d'affaires,3878,-97.0,,13440000,20.83,sikafinance.com/marches/societe (fiche société),2026-10-04
STBC,2021,Chiffre d'affaires,135602,9499.0,445.0,17955000,26.95,sikafinance.com/marches/societe (fiche société),2026-10-04
STBC,2022,Chiffre d'affaires,151133,11503.0,540.0,17955000,26.95,sikafinance.com/marches/societe (fiche société),2026-10-04
STBC,2023,Chiffre d'affaires,169913,12461.0,675.0,17955000,26.95,sikafinance.com/marches/societe (fiche société),2026-10-04
STBC,2024,Chiffre d'affaires,214313,44174.0,2090.0,17955000,26.95,sikafinance.com/marches/societe (fiche société),2026-10-04
STBC,2025,Chiffre d'affaires,268537,36464.0,1707.2,17955000,26.95,sikafinance.com/marches/societe (fiche société),2026-10-04
TTLC,2021,Chiffre d'affaires,500871,11143.0,159.29,62961600,27.01,sikafinance.com/marches/societe (fiche société),2026-10-04
TTLC,2022,Chiffre d'affaires,573130,12279.0,175.53,62961600,27.01,sikafinance.com/marches/societe (fiche société),2026-10-04
TTLC,2023,Chiffre d'affaires,589577,8709.0,200.0,62961600,27.01,sikafinance.com/marches/societe (fiche société),2026-10-04
TTLC,2024,Chiffre d'affaires,621042,9374.0,195.67,62961600,27.01,sikafinance.com/marches/societe (fiche société),2026-10-04
TTLC,2025,Chiffre d'affaires,588709,9087.0,140.0,62961600,27.01,sikafinance.com/marches/societe (fiche société),2026-10-04
TTLS,2021,Chiffre d'affaires,395458,4693.0,187.3,32577700,30.86,sikafinance.com/marches/societe (fiche société),2026-10-04
TTLS,2022,Chiffre d'affaires,477813,8475.0,234.13,32577700,30.86,sikafinance.com/marches/societe (fiche société),2026-10-04
TTLS,2023,Chiffre d'affaires,499194,4222.0,207.58,32577700,30.86,sikafinance.com/marches/societe (fiche société),2026-10-04
TTLS,2024,Chiffre d'affaires,484945,7091.0,222.4,32577700,30.86,sikafinance.com/marches/societe (fiche société),2026-10-04
TTLS,2025,Chiffre d'affaires,455209,6147.0,176.65,32577700,30.86,sikafinance.com/marches/societe (fiche société),2026-10-04
UNLC,2019,Chiffre d'affaires,57680,-13476.0,,9183400,10.02,sikafinance.com/marches/societe (fiche société),2026-10-04
UNLC,2020,Chiffre d'affaires,39693,-2410.0,,9183400,10.02,sikafinance.com/marches/societe (fiche société),2026-10-04
UNLC,2021,Chiffre d'affaires,46059,,,9183400,10.02,sikafinance.com/marches/societe (fiche société),2026-10-04
UNLC,2022,Chiffre d'affaires,36175,-6383.0,,9183400,10.02,sikafinance.com/marches/societe (fiche société),2026-10-04
UNLC,2023,Chiffre d'affaires,34682,640.0,,9183400,10.02,sikafinance.com/marches/societe (fiche société),2026-10-04
UNXC,2021,Chiffre d'affaires,38191,1401.0,60.75,20750000,27.71,sikafinance.com/marches/societe (fiche société),2026-10-04
UNXC,2022,Chiffre d'affaires,36373,-1299.0,,20750000,27.71,sikafinance.com/marches/societe (fiche société),2026-10-04
UNXC,2023,Chiffre d'affaires,29687,-2035.0,,20750000,27.71,sikafinance.com/marches/societe (fiche société),2026-10-04
UNXC,2024,Chiffre d'affaires,27333,-2218.0,,20750000,27.71,sikafinance.com/marches/societe (fiche société),2026-10-04
UNXC,2025,Chiffre d'affaires,29032,-624.0,,20750000,27.71,sikafinance.com/marches/societe (fiche société),2026-10-04
