ticker,statut,motif
BBGC,non conforme,banque conventionnelle (intérêts)
BICB,non conforme,banque conventionnelle (intérêts)
BICC,non conforme,banque conventionnelle (intérêts)
BOAB,non conforme,banque conventionnelle (intérêts)
BOABF,non conforme,banque conventionnelle (intérêts)
BOAC,non conforme,banque conventionnelle (intérêts)
BOAM,non conforme,banque conventionnelle (intérêts)
BOAN,non conforme,banque conventionnelle (intérêts)
BOAS,non conforme,banque conventionnelle (intérêts)
CBIBF,non conforme,banque conventionnelle (intérêts)
ECOC,non conforme,banque conventionnelle (intérêts)
ETIT,non conforme,banque conventionnelle (intérêts)
NSBC,non conforme,banque conventionnelle (intérêts)
ORGT,non conforme,banque conventionnelle (intérêts)
SGBC,non conforme,banque conventionnelle (intérêts)
SIBC,non conforme,banque conventionnelle (intérêts)
SAFC,non conforme,crédit-bail et financement à intérêt
LNBB,non conforme,jeux de hasard (loterie)
SLBC,non conforme,production de boissons alcoolisées (brasserie)
STBC,non conforme,tabac
ABJC,à vérifier,restauration aérienne : part éventuelle d'alcool dans le chiffre d'affaires
